<beans xmlns="http://www.springframework.org/schema/beans"
	xmlns:xsi="http://www.w3.org/2001/XMLSchema-instance" xmlns:aop="http://www.springframework.org/schema/aop"
	xmlns:context="http://www.springframework.org/schema/context"
	xsi:schemaLocation="http://www.springframework.org/schema/beans
           http://www.springframework.org/schema/beans/spring-beans-3.0.xsd
           http://www.springframework.org/schema/aop
           http://www.springframework.org/schema/aop/spring-aop-3.0.xsd
           http://www.springframework.org/schema/context
           http://www.springframework.org/schema/context/spring-context-3.0.xsd">
           
       <bean id="queries" class="java.util.ArrayList">
       		<constructor-arg>
       			<list>
       				<bean parent="Statement">
       					<property name="name" value="REFERENCE_QUERY"/>
       					<property name="statement" value="select REF_KEY, REF_VALUE from DISPATCH_REF where TABLE_NM = ?"/>
       				</bean>   
       			</list>
       		</constructor-arg>
       </bean>
		<bean id="Statement" class="com.centurylink.cgs.dispatchdatabase.Statement" />
</beans> 